iter	Logloss
0	0.460803099
1	0.3346080472
2	0.2455213661
3	0.1841503756
4	0.1524910215
5	0.1270418669
6	0.1050372389
7	0.09466067925
8	0.08048635658
9	0.07271033512
