{
  "strategy": "大穴一点買い",
  "description": "1番人気と10番人気以降",
  "final_capital": 4.916268681299743e+37,
  "total_return": 4.916268681299743e+31,
  "total_bets": 38613,
  "wins": 1328,
  "win_rate": 0.03439256209048766,
  "avg_bet": 1.8107120015051737e+33,
  "max_drawdown": 0.33506780980050804
}