{
  "timestamp": "20250531_111026",
  "odds_performance": {
    "オッズ帯": {
      "0": "1-2",
      "1": "2-5",
      "2": "5-10",
      "3": "10-20",
      "4": "20-50",
      "5": "50-100",
      "6": "100+"
    },
    "出走数": {
      "0": 7266,
      "1": 46358,
      "2": 58607,
      "3": 62443,
      "4": 79967,
      "5": 52362,
      "6": 79377
    },
    "単勝率": {
      "0": 0.47894302229562347,
      "1": 0.2339833469951249,
      "2": 0.11560052553449247,
      "3": 0.05975049244911359,
      "4": 0.026285842910200457,
      "5": 0.010370115732783316,
      "6": 0.002821976139183895
    },
    "複勝率": {
      "0": 0.7950729424717864,
      "1": 0.561327063290047,
      "2": 0.3658607333594963,
      "3": 0.23551078583668306,
      "4": 0.12837795590681156,
      "5": 0.06208700966349643,
      "6": 0.019867215944165188
    },
    "平均オッズ": {
      "0": 1.7086842829617395,
      "1": 3.607282453945381,
      "2": 7.269251113348237,
      "3": 14.620772544560637,
      "4": 32.41482111370941,
      "5": 71.56950078301057,
      "6": 217.5137029618151
    },
    "単勝期待値": {
      "0": 0.8183624146307258,
      "1": 0.8440440221309278,
      "2": 0.8403292489452507,
      "3": 0.8735983595239776,
      "4": 0.8520508957572145,
      "5": 0.7421840060573457,
      "6": 0.6138184797037756
    },
    "複勝期待値": {
      "0": 0.6113378882743581,
      "1": 0.7087028432158062,
      "2": 0.7978600629911763,
      "3": 0.860837407877219,
      "4": 0.8322696951325942,
      "5": 0.6665304430089589,
      "6": 0.6482087561336075
    }
  },
  "strategy_results": {
    "Conservative": {
      "total_return": -0.9945451432767108,
      "total_profit": -994545.1432767109
    },
    "Standard": {
      "total_return": -0.9998763233857629,
      "total_profit": -999876.323385763
    },
    "Aggressive": {
      "total_return": -0.99999999653711,
      "total_profit": -999999.9965371101
    },
    "Adaptive": {
      "total_return": -3.627957222818791,
      "total_profit": -3627957.222818791,
      "adaptive_thresholds": {
        "1-2": {
          "threshold": 1.1000000000000003,
          "profit": 0
        },
        "2-5": {
          "threshold": 1.3500000000000005,
          "profit": 0
        },
        "5-10": {
          "threshold": 1.900000000000001,
          "profit": 54016.35500377556
        },
        "10-20": {
          "threshold": 1.950000000000001,
          "profit": -683678.7975418015
        },
        "20-50": {
          "threshold": 1.950000000000001,
          "profit": -998452.6724078514
        },
        "50-100": {
          "threshold": 1.950000000000001,
          "profit": -999871.9188075784
        },
        "100+": {
          "threshold": 1.950000000000001,
          "profit": -999970.1890653351
        }
      }
    }
  }
}