{
  "timestamp": "20250531_125229",
  "results": {
    "複勝": {
      "total_return": 1137.7735016779623,
      "win_rate": 0.786117136659436,
      "total_bets": 2305,
      "final_capital": 1138773501.6779623
    },
    "馬連": {
      "total_return": 166.108043327952,
      "win_rate": 0.3673469387755102,
      "total_bets": 294,
      "final_capital": 167108043.327952
    },
    "ワイド": {
      "total_return": 482.01636256119906,
      "win_rate": 0.43104643104643103,
      "total_bets": 1443,
      "final_capital": 483016362.56119907
    },
    "三連複": {
      "total_return": 16.85738703811615,
      "win_rate": 0.2916666666666667,
      "total_bets": 72,
      "final_capital": 17857387.03811615
    },
    "三連単": {
      "total_return": 12.525684899200503,
      "win_rate": 0.1388888888888889,
      "total_bets": 72,
      "final_capital": 13525684.899200503
    },
    "三連単1着流し": {
      "total_return": 263.99831544534425,
      "win_rate": 0.03464419475655431,
      "total_bets": 1068,
      "final_capital": 264998315.44534427
    },
    "三連単ボックス": {
      "total_return": 29.830378951784862,
      "win_rate": 0.024439102564102564,
      "total_bets": 2496,
      "final_capital": 30830378.95178486
    },
    "馬連流し": {
      "total_return": 38.673440177144315,
      "win_rate": 0.15207373271889402,
      "total_bets": 1519,
      "final_capital": 39673440.17714431
    },
    "ワイド流し": {
      "total_return": 253.1817736502616,
      "win_rate": 0.2550056062790325,
      "total_bets": 6243,
      "final_capital": 254181773.65026158
    }
  }
}