{
  "initial_capital": 1000000,
  "final_capital": 28084540.0,
  "total_return": 27.08454,
  "total_trades": 2330,
  "winning_trades": 301,
  "win_rate": 0.12918454935622317,
  "avg_expected_value": 3.5270918454935622,
  "monthly_results": {
    "2024-07": {
      "bets": 147,
      "wins": 20,
      "profit": 2028370.0
    },
    "2024-08": {
      "bets": 261,
      "wins": 38,
      "profit": 1633020.0
    },
    "2024-09": {
      "bets": 179,
      "wins": 27,
      "profit": 3717760.0
    },
    "2024-06": {
      "bets": 187,
      "wins": 22,
      "profit": 1601030.0
    },
    "2024-04": {
      "bets": 253,
      "wins": 28,
      "profit": 2474120.0
    },
    "2024-11": {
      "bets": 202,
      "wins": 25,
      "profit": 1890610.0
    },
    "2024-05": {
      "bets": 215,
      "wins": 26,
      "profit": 2572410.0
    },
    "2024-10": {
      "bets": 145,
      "wins": 24,
      "profit": 2362020.0
    },
    "2024-01": {
      "bets": 220,
      "wins": 22,
      "profit": 1294400.0
    },
    "2024-02": {
      "bets": 160,
      "wins": 25,
      "profit": 3644500.0
    },
    "2024-03": {
      "bets": 197,
      "wins": 20,
      "profit": 1475500.0
    },
    "2024-12": {
      "bets": 164,
      "wins": 24,
      "profit": 2390800.0
    }
  },
  "roi": 28.08454
}