{
  "iteration": 3,
  "parameters": {
    "min_expected_value": 1.09,
    "enable_wide": true,
    "optimized_params": {
      "boosting_type": "gbdt",
      "num_leaves": 61,
      "learning_rate": 0.08956016811370168,
      "feature_fraction": 0.8449880902824948,
      "bagging_fraction": 0.9290535691374591,
      "bagging_freq": 7,
      "lambda_l1": 2.5058990404370998e-08,
      "lambda_l2": 0.00046936474310773247,
      "min_child_samples": 80
    }
  },
  "metrics": {
    "initial_capital": 1000000,
    "final_capital": 868.2400000000507,
    "total_return": -0.9991317599999999,
    "annual_return": -0.9705340874907958,
    "total_bets": 390,
    "total_wins": 86,
    "win_rate": 0.2205128205128205,
    "avg_expected_value": 1.4230002033180635,
    "avg_bet": 5276.666666666667,
    "by_type": {
      "win": {
        "count": 344,
        "wins": 68,
        "win_rate": 0.19767441860465115,
        "profit": -1771742.7999999998,
        "roi": -0.5150415116279069
      },
      "place": {
        "count": 8,
        "wins": 5,
        "win_rate": 0.625,
        "profit": -36808.96,
        "roi": -0.46011199999999997
      },
      "quinella": {
        "count": 38,
        "wins": 13,
        "win_rate": 0.34210526315789475,
        "profit": 809420.0,
        "roi": 2.1300526315789474
      }
    }
  }
}