{
  "initial_capital": 1000000,
  "final_capital": 44446479.02084265,
  "total_return": 43.44647902084265,
  "total_trades": 3886,
  "win_trades": 1204,
  "win_rate": 0.30983015954709214,
  "monthly_summary": {
    "2024-07": {
      "profit": 2842135.018839578,
      "bets": 298,
      "wins": 88
    },
    "2024-08": {
      "profit": 6618248.515756983,
      "bets": 464,
      "wins": 144
    },
    "2024-09": {
      "profit": 3469337.477362454,
      "bets": 386,
      "wins": 109
    },
    "2024-06": {
      "profit": 3841428.59257761,
      "bets": 329,
      "wins": 101
    },
    "2024-04": {
      "profit": 3645762.536772479,
      "bets": 372,
      "wins": 117
    },
    "2024-11": {
      "profit": 3292312.189859049,
      "bets": 296,
      "wins": 86
    },
    "2024-05": {
      "profit": 3284875.556771575,
      "bets": 334,
      "wins": 98
    },
    "2024-10": {
      "profit": 4189342.5814922396,
      "bets": 282,
      "wins": 102
    },
    "2024-01": {
      "profit": 3007303.3055784674,
      "bets": 326,
      "wins": 92
    },
    "2024-02": {
      "profit": 2942481.8236369197,
      "bets": 258,
      "wins": 88
    },
    "2024-03": {
      "profit": 3341873.69898129,
      "bets": 305,
      "wins": 99
    },
    "2024-12": {
      "profit": 2971377.7232139823,
      "bets": 236,
      "wins": 80
    }
  }
}