{
  "initial_capital": 1000000,
  "final_capital": 44360054.65012105,
  "total_return": 43.36005465012105,
  "total_trades": 3886,
  "win_trades": 1204,
  "win_rate": 0.30983015954709214,
  "monthly_summary": {
    "2024-07": {
      "profit": 2773875.8246057094,
      "bets": 298,
      "wins": 88
    },
    "2024-08": {
      "profit": 6726203.457649073,
      "bets": 464,
      "wins": 144
    },
    "2024-09": {
      "profit": 3308801.155323922,
      "bets": 386,
      "wins": 109
    },
    "2024-06": {
      "profit": 3544986.1295080744,
      "bets": 329,
      "wins": 101
    },
    "2024-04": {
      "profit": 3712096.0855866414,
      "bets": 372,
      "wins": 117
    },
    "2024-11": {
      "profit": 3366745.9352678834,
      "bets": 296,
      "wins": 86
    },
    "2024-05": {
      "profit": 3193320.24276449,
      "bets": 334,
      "wins": 98
    },
    "2024-10": {
      "profit": 3637312.739330106,
      "bets": 282,
      "wins": 102
    },
    "2024-01": {
      "profit": 3352844.4356804825,
      "bets": 326,
      "wins": 92
    },
    "2024-02": {
      "profit": 2850128.0396071523,
      "bets": 258,
      "wins": 88
    },
    "2024-03": {
      "profit": 3620140.7993193287,
      "bets": 305,
      "wins": 99
    },
    "2024-12": {
      "profit": 3273599.8054781035,
      "bets": 236,
      "wins": 80
    }
  }
}