{
  "initial_capital": 1000000,
  "final_capital": 27753330.0,
  "total_return": 26.75333,
  "total_trades": 2321,
  "winning_trades": 297,
  "win_rate": 0.12796208530805686,
  "avg_expected_value": 3.5276139595002154,
  "monthly_results": {
    "2024-07": {
      "bets": 150,
      "wins": 20,
      "profit": 2033000.0
    },
    "2024-08": {
      "bets": 261,
      "wins": 39,
      "profit": 1646250.0
    },
    "2024-09": {
      "bets": 177,
      "wins": 27,
      "profit": 3729890.0
    },
    "2024-06": {
      "bets": 182,
      "wins": 19,
      "profit": 1514510.0
    },
    "2024-04": {
      "bets": 248,
      "wins": 25,
      "profit": 1852100.0
    },
    "2024-11": {
      "bets": 201,
      "wins": 25,
      "profit": 1951670.0
    },
    "2024-05": {
      "bets": 215,
      "wins": 28,
      "profit": 2760950.0
    },
    "2024-10": {
      "bets": 149,
      "wins": 22,
      "profit": 2141720.0
    },
    "2024-01": {
      "bets": 212,
      "wins": 23,
      "profit": 1596100.0
    },
    "2024-02": {
      "bets": 162,
      "wins": 25,
      "profit": 3625800.0
    },
    "2024-03": {
      "bets": 199,
      "wins": 20,
      "profit": 1450940.0
    },
    "2024-12": {
      "bets": 165,
      "wins": 24,
      "profit": 2450400.0
    }
  },
  "roi": 27.75333
}